a,raw,transformed,pearson_r
0.0,area_mean,j_area_mean,1.0
0.0,area_std,j_area_std,1.0
0.0,perimeter_mean,j_perimeter_mean,1.0
0.0,perimeter_std,j_perimeter_std,1.0
0.0,anisotropy_mean,j_anisotropy_mean,1.0
0.0,anisotropy_std,j_anisotropy_std,0.9999999999999998
0.1,area_mean,j_area_mean,0.9999966309188679
0.1,area_std,j_area_std,0.999999690572903
0.1,perimeter_mean,j_perimeter_mean,0.9999853266395576
0.1,perimeter_std,j_perimeter_std,0.9999999313626009
0.1,anisotropy_mean,j_anisotropy_mean,0.9976124424117668
0.1,anisotropy_std,j_anisotropy_std,0.998490322654024
0.25,area_mean,j_area_mean,0.9998552575818104
0.25,area_std,j_area_std,0.9999866268833052
0.25,perimeter_mean,j_perimeter_mean,0.9993438526991858
0.25,perimeter_std,j_perimeter_std,0.9999964931152546
0.25,anisotropy_mean,j_anisotropy_mean,0.9590722127426383
0.25,anisotropy_std,j_anisotropy_std,0.9802259543849757
0.5,area_mean,j_area_mean,0.9965000896809029
0.5,area_std,j_area_std,0.9996723540310452
0.5,perimeter_mean,j_perimeter_mean,0.9707797613345058
0.5,perimeter_std,j_perimeter_std,0.9998594030604679
0.5,anisotropy_mean,j_anisotropy_mean,0.9321166728450359
0.5,anisotropy_std,j_anisotropy_std,0.9613992655197541
0.75,area_mean,j_area_mean,0.9496573836880313
0.75,area_std,j_area_std,0.9952009648914331
0.75,perimeter_mean,j_perimeter_mean,0.5776757695200266
0.75,perimeter_std,j_perimeter_std,0.9979302216868755
0.75,anisotropy_mean,j_anisotropy_mean,0.918217142494131
0.75,anisotropy_std,j_anisotropy_std,0.9341587150414387