,,mae,mae,rmse,rmse,r2,r2,mae_per_defect,mae_per_defect,rmse_per_defect,rmse_per_defect
,,mean,std,mean,std,mean,std,mean,std,mean,std
model,defect_type,,,,,,,,,,
count_type_baseline,B,0.305736908045938,0.0006247424654555935,0.3728822016921108,0.0004857743011437412,0.3910401954613545,0.0015872390998346137,0.0690020228652879,0.0002101684899564872,0.08318757719728596,0.00023428274995405837
count_type_baseline,N,0.39226397032042487,0.0006213872169493394,0.49243638096565023,0.00020265522364792458,0.7543935190355514,0.0002021422558131812,0.08873774519265835,0.0002555881419935298,0.11002691522785257,0.0002996717275153822
count_type_baseline,all,0.762391502559162,0.002044168842942122,1.2338935413555052,0.003598618050334664,0.970339926571406,0.00017297329827438077,0.17357610762587924,0.0006414946133700151,0.278900648725161,0.0014482291676321717
count_type_baseline,vacancy,1.589173629311123,0.005226593972665101,2.045957735076508,0.006451772585185487,0.581145219066825,0.0026412175458770323,0.36298855481969144,0.001541137056106076,0.4629584302549572,0.0025131554999420673
jowkoski,B,0.31536256947865055,0.0024264498774612857,0.38910887024090535,0.004978482518426813,0.3368153224730192,0.016933757104261038,0.07397181453653535,0.0005598943659599918,0.09953348661781629,0.005519261457825688
jowkoski,N,0.3943410967527449,0.0035099433214298664,0.5187189117161195,0.00447177341621044,0.7274631747511009,0.004708199382503566,0.09444656234288701,0.0006922972818031644,0.14093552281602148,0.006967338330881481
jowkoski,all,0.5797828576348054,0.006826185064702351,0.8886819946214913,0.02252067868835168,0.9846080715606192,0.0007740835761347656,0.13464659170020762,0.0015823670358262086,0.2083334140311637,0.003568689901362602
jowkoski,vacancy,1.0296449066730207,0.021506793946912232,1.3959376105508483,0.04125654695006673,0.804902311319136,0.01142797978417044,0.23552139822120047,0.003801046704340781,0.3168650427709226,0.003473338585038357
matminer,B,0.05555286312741189,0.004213649333358314,0.08785115290712013,0.014127403831185442,0.9656154607943769,0.011164462715763964,0.013494887206980897,0.001134454694274562,0.024248334917764888,0.005758581134172654
matminer,N,0.10707459148530164,0.0002729938772854783,0.19171224356554495,0.012484783876118882,0.9626693667450347,0.004915192984095387,0.02594726488634107,0.00021022336349025167,0.057637402285508434,0.0015910661275547577
matminer,all,0.2306411500535601,0.0016462451614565603,0.44289280131106423,0.016667076327472347,0.9961750879302617,0.00028557048106311265,0.05525243661898125,7.567767869381942e-05,0.1196572397434259,0.0012777102210102906
matminer,vacancy,0.5292959955479667,0.005885984201284284,0.7373935927147978,0.028982606963133244,0.9455355602447516,0.00423958168806716,0.12631515776362182,0.0014080373633660443,0.19752956047608636,0.0027538627641863294