,mean_abs_shap
perimeter_std,0.04024098031763889
rho,0.039390124693939724
mean_radius_mean,0.033279424876236544
perimeter_mean,0.02713183048280063
area_mean,0.026035463649520002
anisotropy_mean,0.020439206857505828
ring_size_std,0.01880042126894594
ring_6_fraction,0.015711788012013082
ring_5_fraction,0.015491185194283948
j_perimeter_mean,0.01536191105905644
j_anisotropy_mean,0.015193958015994772
anisotropy_std,0.008989586428933712
j_area_ratio_mean,0.006686344587528716
j_perimeter_ratio_std,0.005996498880382761
j_perimeter_std,0.005929158668592015
area_std,0.004819444249928847
j_perimeter_ratio_mean,0.0045332412370862095
ring_size_min,0.004167188171268159
j_area_mean,0.003549321134206928
j_anisotropy_std,0.003052153621050168
ring_4_fraction,0.0025867479413045173
ring_7_fraction,0.002554153803525829
n_graph_edges,0.0024997086854454636
mean_radius_std,0.0022567370548919113
j_area_ratio_std,0.0022463232307457313
ring_8_fraction,0.002059665109241706
N,0.002036575964510378
ring_3_fraction,0.0018614197102730238
ring_12_fraction,0.0018302650261943665
ring_size_max,0.0006235671579383604
j_area_std,0.0006167607806938843
ring_10_fraction,0.00024915636447051003
ring_9_fraction,0.0001721996837208229
n_rings,0.0001558074426285628
ring_gt12_fraction,4.689204270410184e-05
ring_11_fraction,1.021602444476836e-07
ring_size_mean,0.0