model,defect_type,feature,mean_abs_shap_eV
jowkoski,all,n_defects,0.23665825468645846
jowkoski,all,is_B,0.004158244379574146
jowkoski,all,is_N,0.00016253608766458869
jowkoski,all,n_graph_edges,3.8648066787496207
jowkoski,all,n_rings,1.079016336263054
jowkoski,all,degree_min,0.03851563679203128
jowkoski,all,degree_max,1.844024805985871e-05
jowkoski,all,degree_mean,0.06565556789564041
jowkoski,all,degree_std,0.19843351677512855
jowkoski,all,degree_0_fraction,0.0
jowkoski,all,degree_1_fraction,0.01723805713011982
jowkoski,all,degree_2_fraction,0.0296754667880676
jowkoski,all,degree_3_fraction,0.033383954653257664
jowkoski,all,degree_4_fraction,0.0
jowkoski,all,ring_size_mean,0.022497881742414953
jowkoski,all,ring_size_std,0.04297147283445515
jowkoski,all,ring_size_min,0.07281570674841184
jowkoski,all,ring_size_max,0.03377053365681782
jowkoski,all,ring_3_fraction,0.0027524367703840786
jowkoski,all,ring_4_fraction,0.015007970160809491
jowkoski,all,ring_5_fraction,0.04752397876494792
jowkoski,all,ring_6_fraction,0.35610432513886026
jowkoski,all,ring_7_fraction,0.03839419383907479
jowkoski,all,ring_8_fraction,0.019870694288387263
jowkoski,all,ring_9_fraction,0.03324148881164401
jowkoski,all,ring_10_fraction,0.02252738909367746
jowkoski,all,ring_11_fraction,0.025620714336513983
jowkoski,all,ring_12_fraction,0.019884352989016155
jowkoski,all,ring_gt12_fraction,0.017205722528050554
jowkoski,all,area_mean,0.1563599199311595
jowkoski,all,area_std,0.19083459379481063
jowkoski,all,perimeter_mean,0.36542723882283706
jowkoski,all,perimeter_std,0.09686908915372133
jowkoski,all,anisotropy_mean,0.2551502068277429
jowkoski,all,anisotropy_std,0.059520601725068296
jowkoski,all,mean_radius_mean,0.19991651359814566
jowkoski,all,mean_radius_std,0.07323702791115562
jowkoski,all,j_area_mean,0.049548097902328614
jowkoski,all,j_area_std,0.04758277626083383
jowkoski,all,j_perimeter_mean,0.17226772823979908
jowkoski,all,j_perimeter_std,0.0363105301906697
jowkoski,all,j_anisotropy_mean,0.09394650749394587
jowkoski,all,j_anisotropy_std,0.04821728698297289
jowkoski,all,j_area_ratio_mean,0.05020033751497325
jowkoski,all,j_area_ratio_std,0.09711420203623447
jowkoski,all,j_perimeter_ratio_mean,0.173964568654127
jowkoski,all,j_perimeter_ratio_std,0.11137988785055086
jowkoski,all,ring_B_atoms_mean,0.4697541841963927
jowkoski,all,ring_B_atoms_std,0.005085526843757737
jowkoski,all,ring_with_B_fraction,0.0656620617354702
jowkoski,all,ring_N_atoms_mean,0.007548116972024179
jowkoski,all,ring_N_atoms_std,0.08297852421590743
jowkoski,all,ring_with_N_fraction,0.006138099434840876
jowkoski,vacancy,n_defects,0.17583077535568736
jowkoski,vacancy,is_B,0.005331973964290203
jowkoski,vacancy,is_N,3.007992990629275e-05
jowkoski,vacancy,n_graph_edges,5.783688602181773
jowkoski,vacancy,n_rings,1.678136139087379
jowkoski,vacancy,degree_min,0.07326855130280209
jowkoski,vacancy,degree_max,4.447186646090397e-05
jowkoski,vacancy,degree_mean,0.13507722435746108
jowkoski,vacancy,degree_std,0.3029681278106291
jowkoski,vacancy,degree_0_fraction,0.0
jowkoski,vacancy,degree_1_fraction,0.03584109137315919
jowkoski,vacancy,degree_2_fraction,0.03538927272665019
jowkoski,vacancy,degree_3_fraction,0.05315009999574003
jowkoski,vacancy,degree_4_fraction,0.0
jowkoski,vacancy,ring_size_mean,0.030413064085609173
jowkoski,vacancy,ring_size_std,0.07639962655010454
jowkoski,vacancy,ring_size_min,0.151810450289088
jowkoski,vacancy,ring_size_max,0.04886671504925467
jowkoski,vacancy,ring_3_fraction,0.005978701741672267
jowkoski,vacancy,ring_4_fraction,0.02953049810410686
jowkoski,vacancy,ring_5_fraction,0.08408771636137191
jowkoski,vacancy,ring_6_fraction,0.4834099502116442
jowkoski,vacancy,ring_7_fraction,0.08440580416812248
jowkoski,vacancy,ring_8_fraction,0.04289919036015147
jowkoski,vacancy,ring_9_fraction,0.07352880540825811
jowkoski,vacancy,ring_10_fraction,0.05255819634414179
jowkoski,vacancy,ring_11_fraction,0.058061250517406696
jowkoski,vacancy,ring_12_fraction,0.04724113026155582
jowkoski,vacancy,ring_gt12_fraction,0.03496557809637544
jowkoski,vacancy,area_mean,0.26694498804289835
jowkoski,vacancy,area_std,0.18897332048766596
jowkoski,vacancy,perimeter_mean,0.4170840870363948
jowkoski,vacancy,perimeter_std,0.14482225511411279
jowkoski,vacancy,anisotropy_mean,0.35866099590606365
jowkoski,vacancy,anisotropy_std,0.06803414875728288
jowkoski,vacancy,mean_radius_mean,0.14245001585971714
jowkoski,vacancy,mean_radius_std,0.11670623092855867
jowkoski,vacancy,j_area_mean,0.07476880151943924
jowkoski,vacancy,j_area_std,0.06918058401758022
jowkoski,vacancy,j_perimeter_mean,0.2789217819357679
jowkoski,vacancy,j_perimeter_std,0.06628230776969572
jowkoski,vacancy,j_anisotropy_mean,0.10365362613895555
jowkoski,vacancy,j_anisotropy_std,0.06737138623371716
jowkoski,vacancy,j_area_ratio_mean,0.09041562094166872
jowkoski,vacancy,j_area_ratio_std,0.18383969351891816
jowkoski,vacancy,j_perimeter_ratio_mean,0.24972780129600627
jowkoski,vacancy,j_perimeter_ratio_std,0.1682011462264539
jowkoski,vacancy,ring_B_atoms_mean,0.2406504216492176
jowkoski,vacancy,ring_B_atoms_std,0.0028132697627867103
jowkoski,vacancy,ring_with_B_fraction,0.030736381509341257
jowkoski,vacancy,ring_N_atoms_mean,0.004592274466684669
jowkoski,vacancy,ring_N_atoms_std,0.03705282845348115
jowkoski,vacancy,ring_with_N_fraction,0.0034143044696392723
jowkoski,B,n_defects,0.30306427272160846
jowkoski,B,is_B,0.0022189529494644105
jowkoski,B,is_N,2.820378741064126e-05
jowkoski,B,n_graph_edges,2.653973151167234
jowkoski,B,n_rings,0.7142949730058511
jowkoski,B,degree_min,0.020352684992287883
jowkoski,B,degree_max,5.424438859336078e-06
jowkoski,B,degree_mean,0.03003373344211524
jowkoski,B,degree_std,0.14005906283855438
jowkoski,B,degree_0_fraction,0.0
jowkoski,B,degree_1_fraction,0.008123861885163888
jowkoski,B,degree_2_fraction,0.026455391298979475
jowkoski,B,degree_3_fraction,0.02208788810255156
jowkoski,B,degree_4_fraction,0.0
jowkoski,B,ring_size_mean,0.018576864933750232
jowkoski,B,ring_size_std,0.026297555689117826
jowkoski,B,ring_size_min,0.03397865399842456
jowkoski,B,ring_size_max,0.026465120820018114
jowkoski,B,ring_3_fraction,0.001126207491036103
jowkoski,B,ring_4_fraction,0.0077916878277125
jowkoski,B,ring_5_fraction,0.029453357616827467
jowkoski,B,ring_6_fraction,0.278071664010485
jowkoski,B,ring_7_fraction,0.015611334570373048
jowkoski,B,ring_8_fraction,0.008495539373621144
jowkoski,B,ring_9_fraction,0.013206316215917425
jowkoski,B,ring_10_fraction,0.007529118221097884
jowkoski,B,ring_11_fraction,0.009543749990872989
jowkoski,B,ring_12_fraction,0.006049044358912651
jowkoski,B,ring_gt12_fraction,0.008456333520608752
jowkoski,B,area_mean,0.09185211460971425
jowkoski,B,area_std,0.2612129683637371
jowkoski,B,perimeter_mean,0.23293126425667046
jowkoski,B,perimeter_std,0.05066093569028692
jowkoski,B,anisotropy_mean,0.11026482292087163
jowkoski,B,anisotropy_std,0.056608428739826154
jowkoski,B,mean_radius_mean,0.22978003880840456
jowkoski,B,mean_radius_std,0.061463905115534206
jowkoski,B,j_area_mean,0.04017784424774189
jowkoski,B,j_area_std,0.04384362727857657
jowkoski,B,j_perimeter_mean,0.09126671672037139
jowkoski,B,j_perimeter_std,0.018396521833977462
jowkoski,B,j_anisotropy_mean,0.07843021578600742
jowkoski,B,j_anisotropy_std,0.04356537268336005
jowkoski,B,j_area_ratio_mean,0.030569270827923854
jowkoski,B,j_area_ratio_std,0.06543607055203753
jowkoski,B,j_perimeter_ratio_mean,0.12278632199057996
jowkoski,B,j_perimeter_ratio_std,0.07263630791954342
jowkoski,B,ring_B_atoms_mean,0.5780832344690958
jowkoski,B,ring_B_atoms_std,0.007757681108477553
jowkoski,B,ring_with_B_fraction,0.10285599378806845
jowkoski,B,ring_N_atoms_mean,0.005130991537667155
jowkoski,B,ring_N_atoms_std,0.04348403802762425
jowkoski,B,ring_with_N_fraction,0.005804529860881259
jowkoski,N,n_defects,0.2310797159820795
jowkoski,N,is_B,0.004923806224967823
jowkoski,N,is_N,0.00042932454567683203
jowkoski,N,n_graph_edges,3.1567582828998564
jowkoski,N,n_rings,0.8446178966959318
jowkoski,N,degree_min,0.021925674081003866
jowkoski,N,degree_max,5.424438859336078e-06
jowkoski,N,degree_mean,0.031855745887344966
jowkoski,N,degree_std,0.1522733596762021
jowkoski,N,degree_0_fraction,0.0
jowkoski,N,degree_1_fraction,0.007749218132036378
jowkoski,N,degree_2_fraction,0.027181736338573147
jowkoski,N,degree_3_fraction,0.024913875861481402
jowkoski,N,degree_4_fraction,0.0
jowkoski,N,ring_size_mean,0.018503716207885445
jowkoski,N,ring_size_std,0.02621723626414309
jowkoski,N,ring_size_min,0.03265801595772301
jowkoski,N,ring_size_max,0.02597976510118068
jowkoski,N,ring_3_fraction,0.001152401078443864
jowkoski,N,ring_4_fraction,0.007701724550609119
jowkoski,N,ring_5_fraction,0.02903086231664439
jowkoski,N,ring_6_fraction,0.30683136119445165
jowkoski,N,ring_7_fraction,0.015165442778728855
jowkoski,N,ring_8_fraction,0.008217353131389193
jowkoski,N,ring_9_fraction,0.012989344810756497
jowkoski,N,ring_10_fraction,0.0074948527157927105
jowkoski,N,ring_11_fraction,0.009257142501262278
jowkoski,N,ring_12_fraction,0.0063628843465800035
jowkoski,N,ring_gt12_fraction,0.008195255967167468
jowkoski,N,area_mean,0.11028265714086588
jowkoski,N,area_std,0.12231749253302886
jowkoski,N,perimeter_mean,0.4462663651754459
jowkoski,N,perimeter_std,0.09512407665676434
jowkoski,N,anisotropy_mean,0.29652480165629336
jowkoski,N,anisotropy_std,0.053919227678095885
jowkoski,N,mean_radius_mean,0.2275194861263153
jowkoski,N,mean_radius_std,0.04154094768937401
jowkoski,N,j_area_mean,0.03369764793980474
jowkoski,N,j_area_std,0.029724117486344716
jowkoski,N,j_perimeter_mean,0.14661468606325795
jowkoski,N,j_perimeter_std,0.024252760968335934
jowkoski,N,j_anisotropy_mean,0.09975568055687468
jowkoski,N,j_anisotropy_std,0.033715102031841485
jowkoski,N,j_area_ratio_mean,0.029616120775327194
jowkoski,N,j_area_ratio_std,0.0420668420377478
jowkoski,N,j_perimeter_ratio_mean,0.14937958267579476
jowkoski,N,j_perimeter_ratio_std,0.09330220940565531
jowkoski,N,ring_B_atoms_mean,0.5905288964708646
jowkoski,N,ring_B_atoms_std,0.00468562966000895
jowkoski,N,ring_with_B_fraction,0.06339380990900095
jowkoski,N,ring_N_atoms_mean,0.012921084911720712
jowkoski,N,ring_N_atoms_std,0.16839870616661695
jowkoski,N,ring_with_N_fraction,0.009195463974002099
matminer,all,n_defects,0.2184026294414523
matminer,all,is_B,0.09032914162796479
matminer,all,is_N,0.0005245037054268601
matminer,all,bond_length_00_mean,0.5241664906041341
matminer,all,bond_length_00_std,0.11895875019644796
matminer,all,bond_length_valid_site_fraction,0.0
matminer,all,bond_angle_00_mean,0.40063264924214065
matminer,all,bond_angle_00_std,0.33994822395623325
matminer,all,bond_angle_valid_site_fraction,0.006046713384242194
matminer,all,coordination_00_mean,2.3588194280508907
matminer,all,coordination_00_std,2.507286992346247
matminer,all,coordination_valid_site_fraction,0.0
matminer,all,agni_00_mean,0.13604760762638596
matminer,all,agni_00_std,0.46841063595070026
matminer,all,agni_01_mean,0.07187381330603962
matminer,all,agni_01_std,0.12047188818389092
matminer,all,agni_02_mean,0.04887649229446343
matminer,all,agni_02_std,0.07475026895645467
matminer,all,agni_03_mean,0.07760762999597252
matminer,all,agni_03_std,0.10377235371506115
matminer,all,agni_04_mean,0.579908304053336
matminer,all,agni_04_std,0.1612307691305242
matminer,all,agni_valid_site_fraction,0.0
matminer,all,prdf_000,0.0
matminer,all,prdf_001,0.0
matminer,all,prdf_002,0.0
matminer,all,prdf_003,0.0
matminer,all,prdf_004,0.0
matminer,all,prdf_005,0.00015005516297241742
matminer,all,prdf_006,0.06113702390105588
matminer,all,prdf_007,0.0
matminer,all,prdf_008,0.0
matminer,all,prdf_009,0.0
matminer,all,prdf_010,0.0
matminer,all,prdf_011,0.0
matminer,all,prdf_012,0.0
matminer,all,prdf_013,0.05157033029251352
matminer,all,prdf_014,0.000536279751745976
matminer,all,prdf_015,0.0
matminer,all,prdf_016,0.0
matminer,all,prdf_017,0.0
matminer,all,prdf_018,0.0
matminer,all,prdf_019,0.0
matminer,all,prdf_020,0.0
matminer,all,prdf_021,0.0
matminer,all,prdf_022,0.0
matminer,all,prdf_023,0.0
matminer,all,prdf_024,0.0
matminer,all,prdf_025,0.0
matminer,all,prdf_026,0.0
matminer,all,prdf_027,0.0
matminer,all,prdf_028,0.07577542995811538
matminer,all,prdf_029,0.11678861077146489
matminer,all,prdf_030,0.039966460714027714
matminer,all,prdf_031,0.012429310862743632
matminer,all,prdf_032,0.0
matminer,all,prdf_033,0.0
matminer,all,prdf_034,0.0
matminer,all,prdf_035,0.0
matminer,all,prdf_036,0.0
matminer,all,prdf_037,0.017300560317393476
matminer,all,prdf_038,0.0
matminer,all,prdf_039,0.0
matminer,all,prdf_040,0.0
matminer,all,prdf_041,0.0
matminer,all,prdf_042,0.0
matminer,all,prdf_043,0.0
matminer,all,prdf_044,0.0
matminer,all,prdf_045,0.09988087071632935
matminer,all,prdf_046,0.00010702205469270092
matminer,all,prdf_047,0.0
matminer,vacancy,n_defects,0.11323483792374217
matminer,vacancy,is_B,0.1342377267589327
matminer,vacancy,is_N,0.00014659224088365509
matminer,vacancy,bond_length_00_mean,0.5211946112105798
matminer,vacancy,bond_length_00_std,0.21451444207621778
matminer,vacancy,bond_length_valid_site_fraction,0.0
matminer,vacancy,bond_angle_00_mean,0.5848732019022573
matminer,vacancy,bond_angle_00_std,0.5402202439292451
matminer,vacancy,bond_angle_valid_site_fraction,0.011495601891465972
matminer,vacancy,coordination_00_mean,3.478733617835368
matminer,vacancy,coordination_00_std,3.7095662361234427
matminer,vacancy,coordination_valid_site_fraction,0.0
matminer,vacancy,agni_00_mean,0.133916854105914
matminer,vacancy,agni_00_std,0.2693951475945748
matminer,vacancy,agni_01_mean,0.08203411832217046
matminer,vacancy,agni_01_std,0.13046723331425647
matminer,vacancy,agni_02_mean,0.06176409373216055
matminer,vacancy,agni_02_std,0.08050532913565012
matminer,vacancy,agni_03_mean,0.12554036333443458
matminer,vacancy,agni_03_std,0.138967507764309
matminer,vacancy,agni_04_mean,0.9010863361347098
matminer,vacancy,agni_04_std,0.2217420926676132
matminer,vacancy,agni_valid_site_fraction,0.0
matminer,vacancy,prdf_000,0.0
matminer,vacancy,prdf_001,0.0
matminer,vacancy,prdf_002,0.0
matminer,vacancy,prdf_003,0.0
matminer,vacancy,prdf_004,0.0
matminer,vacancy,prdf_005,0.00014180412465550877
matminer,vacancy,prdf_006,0.02603184683977932
matminer,vacancy,prdf_007,0.0
matminer,vacancy,prdf_008,0.0
matminer,vacancy,prdf_009,0.0
matminer,vacancy,prdf_010,0.0
matminer,vacancy,prdf_011,0.0
matminer,vacancy,prdf_012,0.0
matminer,vacancy,prdf_013,0.06084340921878656
matminer,vacancy,prdf_014,0.00032317432139762457
matminer,vacancy,prdf_015,0.0
matminer,vacancy,prdf_016,0.0
matminer,vacancy,prdf_017,0.0
matminer,vacancy,prdf_018,0.0
matminer,vacancy,prdf_019,0.0
matminer,vacancy,prdf_020,0.0
matminer,vacancy,prdf_021,0.0
matminer,vacancy,prdf_022,0.0
matminer,vacancy,prdf_023,0.0
matminer,vacancy,prdf_024,0.0
matminer,vacancy,prdf_025,0.0
matminer,vacancy,prdf_026,0.0
matminer,vacancy,prdf_027,0.0
matminer,vacancy,prdf_028,0.16385764352061474
matminer,vacancy,prdf_029,0.2080278994755645
matminer,vacancy,prdf_030,0.08477182739598595
matminer,vacancy,prdf_031,0.029440226367752332
matminer,vacancy,prdf_032,0.0
matminer,vacancy,prdf_033,0.0
matminer,vacancy,prdf_034,0.0
matminer,vacancy,prdf_035,0.0
matminer,vacancy,prdf_036,0.0
matminer,vacancy,prdf_037,0.007864520936869616
matminer,vacancy,prdf_038,0.0
matminer,vacancy,prdf_039,0.0
matminer,vacancy,prdf_040,0.0
matminer,vacancy,prdf_041,0.0
matminer,vacancy,prdf_042,0.0
matminer,vacancy,prdf_043,0.0
matminer,vacancy,prdf_044,0.0
matminer,vacancy,prdf_045,0.04608482240512962
matminer,vacancy,prdf_046,6.452810774134558e-05
matminer,vacancy,prdf_047,0.0
matminer,B,n_defects,0.3559658362617095
matminer,B,is_B,0.018525567283524003
matminer,B,is_N,0.00047769120681913536
matminer,B,bond_length_00_mean,0.45382595632473627
matminer,B,bond_length_00_std,0.06132496024576051
matminer,B,bond_length_valid_site_fraction,0.0
matminer,B,bond_angle_00_mean,0.2675221301028893
matminer,B,bond_angle_00_std,0.1964212358146906
matminer,B,bond_angle_valid_site_fraction,0.0033264687402721565
matminer,B,coordination_00_mean,1.6904048654635748
matminer,B,coordination_00_std,1.8075146265625954
matminer,B,coordination_valid_site_fraction,0.0
matminer,B,agni_00_mean,0.14369137365984108
matminer,B,agni_00_std,0.527481258317673
matminer,B,agni_01_mean,0.0638123365283633
matminer,B,agni_01_std,0.08324404860066711
matminer,B,agni_02_mean,0.03212149346801739
matminer,B,agni_02_std,0.04718234778554078
matminer,B,agni_03_mean,0.0454448309866032
matminer,B,agni_03_std,0.039833224140820626
matminer,B,agni_04_mean,0.388806753602655
matminer,B,agni_04_std,0.08043716225670258
matminer,B,agni_valid_site_fraction,0.0
matminer,B,prdf_000,0.0
matminer,B,prdf_001,0.0
matminer,B,prdf_002,0.0
matminer,B,prdf_003,0.0
matminer,B,prdf_004,0.0
matminer,B,prdf_005,0.00015576614762054453
matminer,B,prdf_006,0.1150284809164586
matminer,B,prdf_007,0.0
matminer,B,prdf_008,0.0
matminer,B,prdf_009,0.0
matminer,B,prdf_010,0.0
matminer,B,prdf_011,0.0
matminer,B,prdf_012,0.0
matminer,B,prdf_013,0.049152538229624
matminer,B,prdf_014,0.0009918392040805294
matminer,B,prdf_015,0.0
matminer,B,prdf_016,0.0
matminer,B,prdf_017,0.0
matminer,B,prdf_018,0.0
matminer,B,prdf_019,0.0
matminer,B,prdf_020,0.0
matminer,B,prdf_021,0.0
matminer,B,prdf_022,0.0
matminer,B,prdf_023,0.0
matminer,B,prdf_024,0.0
matminer,B,prdf_025,0.0
matminer,B,prdf_026,0.0
matminer,B,prdf_027,0.0
matminer,B,prdf_028,0.03161806286747252
matminer,B,prdf_029,0.08457939040209746
matminer,B,prdf_030,0.01729872303134466
matminer,B,prdf_031,0.004034020954383122
matminer,B,prdf_032,0.0
matminer,B,prdf_033,0.0
matminer,B,prdf_034,0.0
matminer,B,prdf_035,0.0
matminer,B,prdf_036,0.0
matminer,B,prdf_037,0.016814506809712186
matminer,B,prdf_038,0.0
matminer,B,prdf_039,0.0
matminer,B,prdf_040,0.0
matminer,B,prdf_041,0.0
matminer,B,prdf_042,0.0
matminer,B,prdf_043,0.0
matminer,B,prdf_044,0.0
matminer,B,prdf_045,0.0538564466660221
matminer,B,prdf_046,6.612643727566294e-05
matminer,B,prdf_047,0.0
matminer,N,n_defects,0.1860072141389052
matminer,N,is_B,0.1182241308414377
matminer,N,is_N,0.0009492276685777899
matminer,N,bond_length_00_mean,0.5974789042770863
matminer,N,bond_length_00_std,0.08103684826736568
matminer,N,bond_length_valid_site_fraction,0.0
matminer,N,bond_angle_00_mean,0.3495026157212754
matminer,N,bond_angle_00_std,0.28320319212476414
matminer,N,bond_angle_valid_site_fraction,0.003318069520988458
matminer,N,coordination_00_mean,1.9073198008537293
matminer,N,coordination_00_std,2.004780114352703
matminer,N,coordination_valid_site_fraction,0.0
matminer,N,agni_00_mean,0.13053459511340282
matminer,N,agni_00_std,0.608355501939853
matminer,N,agni_01_mean,0.06977498506758513
matminer,N,agni_01_std,0.14770438263674923
matminer,N,agni_02_mean,0.052743889683212385
matminer,N,agni_02_std,0.09656312994817316
matminer,N,agni_03_mean,0.061837695666879834
matminer,N,agni_03_std,0.13251632924005385
matminer,N,agni_04_mean,0.4498318224226435
matminer,N,agni_04_std,0.1815130524672568
matminer,N,agni_valid_site_fraction,0.0
matminer,N,prdf_000,0.0
matminer,N,prdf_001,0.0
matminer,N,prdf_002,0.0
matminer,N,prdf_003,0.0
matminer,N,prdf_004,0.0
matminer,N,prdf_005,0.00015259521664119893
matminer,N,prdf_006,0.042350743946929725
matminer,N,prdf_007,0.0
matminer,N,prdf_008,0.0
matminer,N,prdf_009,0.0
matminer,N,prdf_010,0.0
matminer,N,prdf_011,0.0
matminer,N,prdf_012,0.0
matminer,N,prdf_013,0.044715043429130026
matminer,N,prdf_014,0.00029382572975977404
matminer,N,prdf_015,0.0
matminer,N,prdf_016,0.0
matminer,N,prdf_017,0.0
matminer,N,prdf_018,0.0
matminer,N,prdf_019,0.0
matminer,N,prdf_020,0.0
matminer,N,prdf_021,0.0
matminer,N,prdf_022,0.0
matminer,N,prdf_023,0.0
matminer,N,prdf_024,0.0
matminer,N,prdf_025,0.0
matminer,N,prdf_026,0.0
matminer,N,prdf_027,0.0
matminer,N,prdf_028,0.03185058348625894
matminer,N,prdf_029,0.05775854243673283
matminer,N,prdf_030,0.017828831714752545
matminer,N,prdf_031,0.0038136852660954432
matminer,N,prdf_032,0.0
matminer,N,prdf_033,0.0
matminer,N,prdf_034,0.0
matminer,N,prdf_035,0.0
matminer,N,prdf_036,0.0
matminer,N,prdf_037,0.027222653205598617
matminer,N,prdf_038,0.0
matminer,N,prdf_039,0.0
matminer,N,prdf_040,0.0
matminer,N,prdf_041,0.0
matminer,N,prdf_042,0.0
matminer,N,prdf_043,0.0
matminer,N,prdf_044,0.0
matminer,N,prdf_045,0.1997013430778364
matminer,N,prdf_046,0.00019041161906109425
matminer,N,prdf_047,0.0